{
  "_generated": "Generated by SweetTooth, do not edit",
  "description": "Simple wallpaper changer with multiple profile support. Supports integration into the system menu or its own panel icon. The daemon was previously written in Python, separately of the extension. Now it is integrated into the extension with the ability to run in the background.",
  "gettext-domain": "desk-changer",
  "name": "Desk Changer",
  "settings-schema": "org.gnome.shell.extensions.desk-changer",
  "shell-version": [
    "3.30",
    "3.34",
    "3.32",
    "3.36"
  ],
  "url": "https://github.com/BigE/desk-changer/",
  "uuid": "desk-changer@eric.gach.gmail.com",
  "version": 18
}